tr,err
1.27,0.08667766003254987
1.75,0.7038977367535013
1.3900000000000001,0.019531573556335637
1.75,0.2854474293538641
1.6800000000000002,0.017855221072300535
1.74,0.02285219555789917
